{"cameraMode":{"drawMode":0,"name":"Shaded","section":"Shading Mode"},"sceneLighting":true,"audioPlay":false,"sceneViewState":{"m_AlwaysRefresh":false,"showFog":true,"showSkybox":true,"showFlares":true,"showImageEffects":true,"showParticleSystems":true,"showVisualEffectGraphs":true,"m_FxEnabled":true},"in2DMode":false,"pivot":{"x":2.914185047149658,"y":0.6030216217041016,"z":-3.7132949829101564},"rotation":{"x":0.5027647018432617,"y":-0.005191132891923189,"z":0.003018485615029931,"w":0.8643909692764282},"size":17.819747924804689,"orthographic":false}